Place,lat,lon,attribution,attribution_license,attribution_url
China,35.000074,104.999927,© OpenStreetMap contributors,Open Database License,https://www.openstreetmap.org/copyright
Deutschland,51.1638175,10.4478313,© OpenStreetMap contributors,Open Database License,https://www.openstreetmap.org/copyright
Dänemark,55.670249,10.3333283,© OpenStreetMap contributors,Open Database License,https://www.openstreetmap.org/copyright
England,51.561181,-0.320561,,,
Finnland,63.2467777,25.9209164,© OpenStreetMap contributors,Open Database License,https://www.openstreetmap.org/copyright
Frankreich,46.603354,1.8883335,© OpenStreetMap contributors,Open Database License,https://www.openstreetmap.org/copyright
Großbritannien,52.663642,-1.580326,Who's On First,CC0,https://www.whosonfirst.org/docs/licenses/
Grönland,77.6192349,-42.8125967,© OpenStreetMap contributors,Open Database License,https://www.openstreetmap.org/copyright
Indien,22.3511148,78.6677428,© OpenStreetMap contributors,Open Database License,https://www.openstreetmap.org/copyright
Irland,52.865196,-7.9794599,© OpenStreetMap contributors,Open Database License,https://www.openstreetmap.org/copyright
Israel,30.8124247,34.8594762,© OpenStreetMap contributors,Open Database License,https://www.openstreetmap.org/copyright
Italien,42.6384261,12.674297,© OpenStreetMap contributors,Open Database License,https://www.openstreetmap.org/copyright
Kroatien,45.3658443,15.6575209,© OpenStreetMap contributors,Open Database License,https://www.openstreetmap.org/copyright
Litauen,55.3500003,23.7499997,© OpenStreetMap contributors,Open Database License,https://www.openstreetmap.org/copyright
Niederlande,52.2434979,5.6343227,© OpenStreetMap contributors,Open Database License,https://www.openstreetmap.org/copyright
Norwegen,61.1529386,8.7876653,© OpenStreetMap contributors,Open Database License,https://www.openstreetmap.org/copyright
Polen,52.215933,19.134422,© OpenStreetMap contributors,Open Database License,https://www.openstreetmap.org/copyright
Portugal,39.6621648,-8.1353519,© OpenStreetMap contributors,Open Database License,https://www.openstreetmap.org/copyright
Preußen,52.510971,13.404592,,,
Russland,64.6863136,97.7453061,© OpenStreetMap contributors,Open Database License,https://www.openstreetmap.org/copyright
Schottland,56.669726,-4.194318,,,
Schweden,59.6749712,14.5208584,© OpenStreetMap contributors,Open Database License,https://www.openstreetmap.org/copyright
Spanien,39.3260685,-4.8379791,© OpenStreetMap contributors,Open Database License,https://www.openstreetmap.org/copyright
Türkei,38.9597594,34.9249653,© OpenStreetMap contributors,Open Database License,https://www.openstreetmap.org/copyright
Ungarn,47.1817585,19.5060937,© OpenStreetMap contributors,Open Database License,https://www.openstreetmap.org/copyright
Ägypten,26.2540493,29.2675469,© OpenStreetMap contributors,Open Database License,https://www.openstreetmap.org/copyright
Äthiopien,10.2116702,38.6521203,© OpenStreetMap contributors,Open Database License,https://www.openstreetmap.org/copyright
Aachen,50.776351,6.083862,© OpenStreetMap contributors,Open Database License,https://www.openstreetmap.org/copyright
Ahlden,52.7591196,9.5515675,© OpenStreetMap contributors,Open Database License,https://www.openstreetmap.org/copyright
Altdorf,48.5950276,9.2712933,© OpenStreetMap contributors,Open Database License,https://www.openstreetmap.org/copyright
Altona,53.58646755,9.777669726868917,© OpenStreetMap contributors,Open Database License,https://www.openstreetmap.org/copyright
Amsterdam,52.3730796,4.8924534,© OpenStreetMap contributors,Open Database License,https://www.openstreetmap.org/copyright
Ansbach,49.9181475,9.6217529,© OpenStreetMap contributors,Open Database License,https://www.openstreetmap.org/copyright
Antwerpen,51.2211097,4.3997081,© OpenStreetMap contributors,Open Database License,https://www.openstreetmap.org/copyright
Aquileja,45.7696144,13.3697982,© OpenStreetMap contributors,Open Database License,https://www.openstreetmap.org/copyright
Astrachan,46.3498308,48.0326203,© OpenStreetMap contributors,Open Database License,https://www.openstreetmap.org/copyright
Augsburg,48.3690341,10.8979522,© OpenStreetMap contributors,Open Database License,https://www.openstreetmap.org/copyright
Avranches,48.68824785,-1.3633854644553556,© OpenStreetMap contributors,Open Database License,https://www.openstreetmap.org/copyright
Bamberg,49.8916044,10.8868478,© OpenStreetMap contributors,Open Database License,https://www.openstreetmap.org/copyright
Barcelona,41.3828939,2.1774322,© OpenStreetMap contributors,Open Database License,https://www.openstreetmap.org/copyright
Bayreuth,49.9427202,11.5763079,© OpenStreetMap contributors,Open Database License,https://www.openstreetmap.org/copyright
Beichlingen,51.2332814,11.2547956,© OpenStreetMap contributors,Open Database License,https://www.openstreetmap.org/copyright
Belgrad,44.8178131,20.4568974,© OpenStreetMap contributors,Open Database License,https://www.openstreetmap.org/copyright
Bender,46.8218177,29.4819196,© OpenStreetMap contributors,Open Database License,https://www.openstreetmap.org/copyright
Berlin,52.5170365,13.3888599,© OpenStreetMap contributors,Open Database License,https://www.openstreetmap.org/copyright
Bevern,53.7555192,9.7711499,© OpenStreetMap contributors,Open Database License,https://www.openstreetmap.org/copyright
Blankenburg,51.2031236,10.7476184,© OpenStreetMap contributors,Open Database License,https://www.openstreetmap.org/copyright
Bonn,50.735851,7.10066,© OpenStreetMap contributors,Open Database License,https://www.openstreetmap.org/copyright
Borgholzhausen,52.1007247,8.3023897,© OpenStreetMap contributors,Open Database License,https://www.openstreetmap.org/copyright
Borgoforte,45.5207469,12.2549419,© OpenStreetMap contributors,Open Database License,https://www.openstreetmap.org/copyright
Boulogne,46.7947224,-1.3210389,© OpenStreetMap contributors,Open Database License,https://www.openstreetmap.org/copyright
Bourg,45.0394689,-0.5596107,© OpenStreetMap contributors,Open Database License,https://www.openstreetmap.org/copyright
Brandenburg,52.3362346,9.174755462956416,© OpenStreetMap contributors,Open Database License,https://www.openstreetmap.org/copyright
Braunschweig,52.262283,10.522956,© OpenStreetMap contributors,Open Database License,https://www.openstreetmap.org/copyright
Breda,51.5887845,4.7760237,© OpenStreetMap contributors,Open Database License,https://www.openstreetmap.org/copyright
Bremen,53.0758196,8.8071646,© OpenStreetMap contributors,Open Database License,https://www.openstreetmap.org/copyright
Brescello,44.9012244,10.515728,© OpenStreetMap contributors,Open Database License,https://www.openstreetmap.org/copyright
Breslau,51.1089776,17.0326689,© OpenStreetMap contributors,Open Database License,https://www.openstreetmap.org/copyright
Bristol,51.4538022,-2.5972985,© OpenStreetMap contributors,Open Database License,https://www.openstreetmap.org/copyright
Bruchhausen,50.6024988,7.2536222,© OpenStreetMap contributors,Open Database License,https://www.openstreetmap.org/copyright
Brüssel,50.8465573,4.351697,© OpenStreetMap contributors,Open Database License,https://www.openstreetmap.org/copyright
Buckow,52.5786194,12.5450727,© OpenStreetMap contributors,Open Database License,https://www.openstreetmap.org/copyright
Budapest,47.4938673,19.0417582,© OpenStreetMap contributors,Open Database License,https://www.openstreetmap.org/copyright
Burgdorf,52.4438008,10.0078364,© OpenStreetMap contributors,Open Database License,https://www.openstreetmap.org/copyright
Bückeburg,52.2611037,9.0488959,© OpenStreetMap contributors,Open Database License,https://www.openstreetmap.org/copyright
Cadiz,36.5297438,-6.2928976,© OpenStreetMap contributors,Open Database License,https://www.openstreetmap.org/copyright
Cambray,48.173771,1.7161944,© OpenStreetMap contributors,Open Database License,https://www.openstreetmap.org/copyright
Cambridge,52.2055314,0.1186637,© OpenStreetMap contributors,Open Database License,https://www.openstreetmap.org/copyright
Campen,52.6667657,8.9491653,© OpenStreetMap contributors,Open Database License,https://www.openstreetmap.org/copyright
Celle,52.624056,10.081052,© OpenStreetMap contributors,Open Database License,https://www.openstreetmap.org/copyright
Charlottenburg,52.515747,13.3096834,© OpenStreetMap contributors,Open Database License,https://www.openstreetmap.org/copyright
Chios,45.2839665,7.4037719,© OpenStreetMap contributors,Open Database License,https://www.openstreetmap.org/copyright
Clausthal,51.8043301,10.3338277,© OpenStreetMap contributors,Open Database License,https://www.openstreetmap.org/copyright
Condom,43.9564563,0.3745929,© OpenStreetMap contributors,Open Database License,https://www.openstreetmap.org/copyright
Coppenbrügge,52.1202595,9.5493252,© OpenStreetMap contributors,Open Database License,https://www.openstreetmap.org/copyright
Crossen,50.7585157,12.4841995,© OpenStreetMap contributors,Open Database License,https://www.openstreetmap.org/copyright
Danzig,54.3482907,18.6540233,© OpenStreetMap contributors,Open Database License,https://www.openstreetmap.org/copyright
Den Haag,52.0799838,4.3113461,© OpenStreetMap contributors,Open Database License,https://www.openstreetmap.org/copyright
Detmold,51.936284,8.8791526,© OpenStreetMap contributors,Open Database License,https://www.openstreetmap.org/copyright
Dixmuiden,51.031578,2.863802,,,
Dohna,50.955232,13.8587012,© OpenStreetMap contributors,Open Database License,https://www.openstreetmap.org/copyright
Donauwörth,48.7180364,10.7807299,© OpenStreetMap contributors,Open Database License,https://www.openstreetmap.org/copyright
Dover,51.1251275,1.3134228,© OpenStreetMap contributors,Open Database License,https://www.openstreetmap.org/copyright
Dresden,51.0493286,13.7381437,© OpenStreetMap contributors,Open Database License,https://www.openstreetmap.org/copyright
Düsseldorf,51.2254018,6.7763137,© OpenStreetMap contributors,Open Database License,https://www.openstreetmap.org/copyright
Ebstorf,53.0273634,10.4178494,© OpenStreetMap contributors,Open Database License,https://www.openstreetmap.org/copyright
Elbing,54.1558708,19.4044583,© OpenStreetMap contributors,Open Database License,https://www.openstreetmap.org/copyright
Ephesus,37.949589,27.351896,© OpenStreetMap contributors,Open Database License,https://www.openstreetmap.org/copyright
Essen,51.4582235,7.0158171,© OpenStreetMap contributors,Open Database License,https://www.openstreetmap.org/copyright
Ferrara,44.8372737,11.6186451,© OpenStreetMap contributors,Open Database License,https://www.openstreetmap.org/copyright
Florenz,43.7697955,11.2556404,© OpenStreetMap contributors,Open Database License,https://www.openstreetmap.org/copyright
Frankfurt,50.1106444,8.6820917,© OpenStreetMap contributors,Open Database License,https://www.openstreetmap.org/copyright
Freising,48.4008273,11.7439565,© OpenStreetMap contributors,Open Database License,https://www.openstreetmap.org/copyright
Fuentes,39.9503682,-2.0210007,© OpenStreetMap contributors,Open Database License,https://www.openstreetmap.org/copyright
Fürstenberg,51.1719228,8.8340576,© OpenStreetMap contributors,Open Database License,https://www.openstreetmap.org/copyright
Fürstenfeldbruck,48.1794705,11.2547202,© OpenStreetMap contributors,Open Database License,https://www.openstreetmap.org/copyright
Gandersheim,51.8704732,10.0297839,© OpenStreetMap contributors,Open Database License,https://www.openstreetmap.org/copyright
Genf,46.2017559,6.1466014,© OpenStreetMap contributors,Open Database License,https://www.openstreetmap.org/copyright
Genua,44.40726,8.9338624,© OpenStreetMap contributors,Open Database License,https://www.openstreetmap.org/copyright
Gibraltar,36.140807,-5.3541295,© OpenStreetMap contributors,Open Database License,https://www.openstreetmap.org/copyright
Glogau,51.6636791,16.0935567,© OpenStreetMap contributors,Open Database License,https://www.openstreetmap.org/copyright
Goslar,51.9059936,10.4266284,© OpenStreetMap contributors,Open Database License,https://www.openstreetmap.org/copyright
Gotha,50.9494849,10.7014435,© OpenStreetMap contributors,Open Database License,https://www.openstreetmap.org/copyright
Graupen,50.6847005,13.8577518,© OpenStreetMap contributors,Open Database License,https://www.openstreetmap.org/copyright
Greifswald,54.095791,13.3815238,© OpenStreetMap contributors,Open Database License,https://www.openstreetmap.org/copyright
Großburgwedel,52.4914501,9.856156,© OpenStreetMap contributors,Open Database License,https://www.openstreetmap.org/copyright
Gundelsheim,49.2844,9.16194,© OpenStreetMap contributors,Open Database License,https://www.openstreetmap.org/copyright
Göhrde,53.1130679,10.8339844095573,© OpenStreetMap contributors,Open Database License,https://www.openstreetmap.org/copyright
Göteborg,57.7072326,11.9670171,© OpenStreetMap contributors,Open Database License,https://www.openstreetmap.org/copyright
Güstrow,53.79985,12.174457,,,
Hackelberg,51.8216625,8.994578,© OpenStreetMap contributors,Open Database License,https://www.openstreetmap.org/copyright
Halle,51.4825041,11.9705452,© OpenStreetMap contributors,Open Database License,https://www.openstreetmap.org/copyright
Hamburg,53.550341,10.000654,© OpenStreetMap contributors,Open Database License,https://www.openstreetmap.org/copyright
Hammerstein,50.4791213,7.3484233,© OpenStreetMap contributors,Open Database License,https://www.openstreetmap.org/copyright
Hannover,52.3744779,9.7385532,© OpenStreetMap contributors,Open Database License,https://www.openstreetmap.org/copyright
Harburg,53.4562216,9.9872112,© OpenStreetMap contributors,Open Database License,https://www.openstreetmap.org/copyright
Heidelberg,49.4093582,8.694724,© OpenStreetMap contributors,Open Database License,https://www.openstreetmap.org/copyright
Helmstedt,52.2277037,11.0104702,© OpenStreetMap contributors,Open Database License,https://www.openstreetmap.org/copyright
Herford,52.1152245,8.6711118,© OpenStreetMap contributors,Open Database License,https://www.openstreetmap.org/copyright
Herrenhausen,52.409444,9.667778,asd,a,b
Herzberg,51.6565219,10.3428415,© OpenStreetMap contributors,Open Database License,https://www.openstreetmap.org/copyright
Hildesheim,52.1521636,9.9513046,© OpenStreetMap contributors,Open Database License,https://www.openstreetmap.org/copyright
Homburg,49.3181673,7.3340336,© OpenStreetMap contributors,Open Database License,https://www.openstreetmap.org/copyright
Hundisburg,52.246722,11.4001176,© OpenStreetMap contributors,Open Database License,https://www.openstreetmap.org/copyright
Idria,46.0023983,14.0273014,© OpenStreetMap contributors,Open Database License,https://www.openstreetmap.org/copyright
Ingenheim,48.7351268,7.5193525,© OpenStreetMap contributors,Open Database License,https://www.openstreetmap.org/copyright
Innsbruck,47.2654296,11.3927685,© OpenStreetMap contributors,Open Database License,https://www.openstreetmap.org/copyright
Jena,50.9281717,11.5879359,© OpenStreetMap contributors,Open Database License,https://www.openstreetmap.org/copyright
Jerusalem,31.7788242,35.2257626,© OpenStreetMap contributors,Open Database License,https://www.openstreetmap.org/copyright
Kairo,30.0443879,31.2357257,© OpenStreetMap contributors,Open Database License,https://www.openstreetmap.org/copyright
Karlsbad,50.2306216,12.8701437,© OpenStreetMap contributors,Open Database License,https://www.openstreetmap.org/copyright
Kasan,55.7823547,49.1242266,© OpenStreetMap contributors,Open Database License,https://www.openstreetmap.org/copyright
Kassel,51.3154546,9.4924096,© OpenStreetMap contributors,Open Database License,https://www.openstreetmap.org/copyright
Kehl,48.5728929,7.8109768,© OpenStreetMap contributors,Open Database License,https://www.openstreetmap.org/copyright
Kiel,54.3227085,10.135555,© OpenStreetMap contributors,Open Database License,https://www.openstreetmap.org/copyright
Kiew,50.4500336,30.5241361,© OpenStreetMap contributors,Open Database License,https://www.openstreetmap.org/copyright
Kliszów,50.6164912,20.5216504,© OpenStreetMap contributors,Open Database License,https://www.openstreetmap.org/copyright
Kniphausen,53.5536431,8.0552525,© OpenStreetMap contributors,Open Database License,https://www.openstreetmap.org/copyright
Koblenz,50.3533278,7.5943951,© OpenStreetMap contributors,Open Database License,https://www.openstreetmap.org/copyright
Konstantinopel,41.006381,28.9758715,© OpenStreetMap contributors,Open Database License,https://www.openstreetmap.org/copyright
Kopenhagen,55.6867243,12.5700724,© OpenStreetMap contributors,Open Database License,https://www.openstreetmap.org/copyright
Krakau,50.0619474,19.9368564,© OpenStreetMap contributors,Open Database License,https://www.openstreetmap.org/copyright
Kärnten,46.9065611,13.5359844,© OpenStreetMap contributors,Open Database License,https://www.openstreetmap.org/copyright
Köln,50.938361,6.959974,© OpenStreetMap contributors,Open Database License,https://www.openstreetmap.org/copyright
Königsberg,54.700767,20.491625,© OpenStreetMap contributors,Open Database License,https://www.openstreetmap.org/copyright
Königsmarck,53.6004642,9.4709801,© OpenStreetMap contributors,Open Database License,https://www.openstreetmap.org/copyright
Königstein,50.9185261,14.0732271,© OpenStreetMap contributors,Open Database License,https://www.openstreetmap.org/copyright
Köpenick,52.4450491,13.5754153,© OpenStreetMap contributors,Open Database License,https://www.openstreetmap.org/copyright
Lamspringe,51.9597621,10.009887,© OpenStreetMap contributors,Open Database License,https://www.openstreetmap.org/copyright
Landsberg,51.5253758,12.1624395,© OpenStreetMap contributors,Open Database License,https://www.openstreetmap.org/copyright
Lauenburg,53.3789803,10.5513889,© OpenStreetMap contributors,Open Database License,https://www.openstreetmap.org/copyright
Laxenburg,48.0686831,16.3561206,© OpenStreetMap contributors,Open Database License,https://www.openstreetmap.org/copyright
Lehnin,52.3173613,12.7437812,© OpenStreetMap contributors,Open Database License,https://www.openstreetmap.org/copyright
Leipzig,51.3406321,12.3747329,© OpenStreetMap contributors,Open Database License,https://www.openstreetmap.org/copyright
Lenzen,53.0899,11.0095,© OpenStreetMap contributors,Open Database License,https://www.openstreetmap.org/copyright
Linsburg,52.5936072,9.3040316,© OpenStreetMap contributors,Open Database License,https://www.openstreetmap.org/copyright
Linz,48.3059078,14.286198,© OpenStreetMap contributors,Open Database License,https://www.openstreetmap.org/copyright
Loccum,52.4546364,9.1462122,© OpenStreetMap contributors,Open Database License,https://www.openstreetmap.org/copyright
London,51.5074456,-0.1277653,© OpenStreetMap contributors,Open Database License,https://www.openstreetmap.org/copyright
Loreto,43.439498,13.6070214,© OpenStreetMap contributors,Open Database License,https://www.openstreetmap.org/copyright
Lyon,45.7578137,4.8320114,© OpenStreetMap contributors,Open Database License,https://www.openstreetmap.org/copyright
Lübeck,53.866444,10.684738,© OpenStreetMap contributors,Open Database License,https://www.openstreetmap.org/copyright
Lüneborg,53.248706,10.407855,© OpenStreetMap contributors,Open Database License,https://www.openstreetmap.org/copyright
Lüneburg,53.248706,10.407855,© OpenStreetMap contributors,Open Database License,https://www.openstreetmap.org/copyright
Lüttich,50.6450944,5.5736112,© OpenStreetMap contributors,Open Database License,https://www.openstreetmap.org/copyright
Maastricht,50.8512438,5.6909768,© OpenStreetMap contributors,Open Database License,https://www.openstreetmap.org/copyright
Madrid,40.4167047,-3.7035825,© OpenStreetMap contributors,Open Database License,https://www.openstreetmap.org/copyright
Magdeburg,52.1315889,11.6399609,© OpenStreetMap contributors,Open Database License,https://www.openstreetmap.org/copyright
Mailand,45.4641943,9.1896346,© OpenStreetMap contributors,Open Database License,https://www.openstreetmap.org/copyright
Maintenon,48.5865517,1.5773313,© OpenStreetMap contributors,Open Database License,https://www.openstreetmap.org/copyright
Mainz,50.0012314,8.2762513,© OpenStreetMap contributors,Open Database License,https://www.openstreetmap.org/copyright
Malchow,53.483907,12.44271993467909,© OpenStreetMap contributors,Open Database License,https://www.openstreetmap.org/copyright
Malta,35.879283,14.448415,© OpenStreetMap contributors,Open Database License,https://www.openstreetmap.org/copyright
Mantua,45.1566683,10.7917191,© OpenStreetMap contributors,Open Database License,https://www.openstreetmap.org/copyright
Marienbad,49.9739518,12.703319,© OpenStreetMap contributors,Open Database License,https://www.openstreetmap.org/copyright
Marlborough,51.420753,-1.727615,© OpenStreetMap contributors,Open Database License,https://www.openstreetmap.org/copyright
Martinitz,50.5808469,15.5333055,© OpenStreetMap contributors,Open Database License,https://www.openstreetmap.org/copyright
Maubuisson,45.0652957,-1.1387859,© OpenStreetMap contributors,Open Database License,https://www.openstreetmap.org/copyright
Meaux,48.9582708,2.8773541,© OpenStreetMap contributors,Open Database License,https://www.openstreetmap.org/copyright
Mecklenburg,53.627685,11.396712,© OpenStreetMap contributors,Open Database License,https://www.openstreetmap.org/copyright
Melle,52.200762,8.338667,© OpenStreetMap contributors,Open Database License,https://www.openstreetmap.org/copyright
Memel,55.7127529,21.1350469,© OpenStreetMap contributors,Open Database License,https://www.openstreetmap.org/copyright
Merseburg,51.3564413,11.996148,© OpenStreetMap contributors,Open Database License,https://www.openstreetmap.org/copyright
Meseritz,52.4448261,15.578637,© OpenStreetMap contributors,Open Database License,https://www.openstreetmap.org/copyright
Modena,44.6458885,10.9255707,© OpenStreetMap contributors,Open Database License,https://www.openstreetmap.org/copyright
Monferrato,45.132564,8.454939,Who's On First,CC0,https://www.whosonfirst.org/docs/licenses/
Monmouth,51.810955,-2.716801,© OpenStreetMap contributors,Open Database License,https://www.openstreetmap.org/copyright
Montepulciano,43.0945279,11.7826795,© OpenStreetMap contributors,Open Database License,https://www.openstreetmap.org/copyright
Moskau,55.7505412,37.6174782,© OpenStreetMap contributors,Open Database License,https://www.openstreetmap.org/copyright
München,48.1371079,11.5753822,© OpenStreetMap contributors,Open Database License,https://www.openstreetmap.org/copyright
Münster,51.9625101,7.6251879,© OpenStreetMap contributors,Open Database License,https://www.openstreetmap.org/copyright
Namur,50.4665284,4.8661892,© OpenStreetMap contributors,Open Database License,https://www.openstreetmap.org/copyright
Nassau,50.310324,7.792458,© OpenStreetMap contributors,Open Database License,https://www.openstreetmap.org/copyright
Nauplia,37.5659229,22.8068782,© OpenStreetMap contributors,Open Database License,https://www.openstreetmap.org/copyright
Neapel,40.8358846,14.2487679,© OpenStreetMap contributors,Open Database License,https://www.openstreetmap.org/copyright
Neuburg,53.9449473,11.5903337,© OpenStreetMap contributors,Open Database License,https://www.openstreetmap.org/copyright
Newcastle,54.9738474,-1.6131572,© OpenStreetMap contributors,Open Database License,https://www.openstreetmap.org/copyright
Nienburg,52.6410849,9.2181918,© OpenStreetMap contributors,Open Database License,https://www.openstreetmap.org/copyright
Nimwegen,51.8474946,5.8637771,© OpenStreetMap contributors,Open Database License,https://www.openstreetmap.org/copyright
Nizza,43.7009358,7.2683912,© OpenStreetMap contributors,Open Database License,https://www.openstreetmap.org/copyright
Nola,40.9210826,14.5327402,© OpenStreetMap contributors,Open Database License,https://www.openstreetmap.org/copyright
Nordhausen,51.5051574,10.7925317,© OpenStreetMap contributors,Open Database License,https://www.openstreetmap.org/copyright
Nürnberg,49.453872,11.077298,© OpenStreetMap contributors,Open Database License,https://www.openstreetmap.org/copyright
Oeynhausen,51.8140047,9.0527942,© OpenStreetMap contributors,Open Database License,https://www.openstreetmap.org/copyright
Oldenburg,53.1389753,8.2146017,© OpenStreetMap contributors,Open Database License,https://www.openstreetmap.org/copyright
Orange,44.1371311,4.8078783,© OpenStreetMap contributors,Open Database License,https://www.openstreetmap.org/copyright
Oranienbaum,51.7979734,12.4045328,© OpenStreetMap contributors,Open Database License,https://www.openstreetmap.org/copyright
Oranienburg,52.7529379,13.2457591,© OpenStreetMap contributors,Open Database License,https://www.openstreetmap.org/copyright
Orléans,47.9027336,1.9086066,© OpenStreetMap contributors,Open Database License,https://www.openstreetmap.org/copyright
Osnabruck,52.2719595,8.047635,© OpenStreetMap contributors,Open Database License,https://www.openstreetmap.org/copyright
Osnabrück,52.2719595,8.047635,© OpenStreetMap contributors,Open Database License,https://www.openstreetmap.org/copyright
Osterode,51.718274,10.257116,© OpenStreetMap contributors,Open Database License,https://www.openstreetmap.org/copyright
Ostrog,45.8563252,15.3770022,© OpenStreetMap contributors,Open Database License,https://www.openstreetmap.org/copyright
Paderborn,51.7177044,8.752653,© OpenStreetMap contributors,Open Database License,https://www.openstreetmap.org/copyright
Pamiers,43.1147515,1.6082177,© OpenStreetMap contributors,Open Database License,https://www.openstreetmap.org/copyright
Paris,48.8534951,2.3483915,© OpenStreetMap contributors,Open Database License,https://www.openstreetmap.org/copyright
Peine,52.3217849,10.2349489,© OpenStreetMap contributors,Open Database License,https://www.openstreetmap.org/copyright
Peking,39.9057136,116.3912972,© OpenStreetMap contributors,Open Database License,https://www.openstreetmap.org/copyright
Pembroke,51.674083,-4.912419,© OpenStreetMap contributors,Open Database License,https://www.openstreetmap.org/copyright
Petersburg,59.938732,30.316229,© OpenStreetMap contributors,Open Database License,https://www.openstreetmap.org/copyright
Peterwardein,45.2426175,19.8820073,© OpenStreetMap contributors,Open Database License,https://www.openstreetmap.org/copyright
Philippsburg,49.2367495,8.4546679,© OpenStreetMap contributors,Open Database License,https://www.openstreetmap.org/copyright
Pinneberg,53.6558152,9.8016369,© OpenStreetMap contributors,Open Database License,https://www.openstreetmap.org/copyright
Plittersdorf,50.4995681,6.9096481,© OpenStreetMap contributors,Open Database License,https://www.openstreetmap.org/copyright
Porto,41.1494512,-8.6107884,© OpenStreetMap contributors,Open Database License,https://www.openstreetmap.org/copyright
Posen,50.6435158,11.6905074,© OpenStreetMap contributors,Open Database License,https://www.openstreetmap.org/copyright
Potsdam,52.4009309,13.0591397,© OpenStreetMap contributors,Open Database License,https://www.openstreetmap.org/copyright
Pottendorf,48.1453578,15.4234938,© OpenStreetMap contributors,Open Database License,https://www.openstreetmap.org/copyright
Prag,50.0874654,14.4212535,© OpenStreetMap contributors,Open Database License,https://www.openstreetmap.org/copyright
Pyrmont,51.982498,9.248401,© OpenStreetMap contributors,Open Database License,https://www.openstreetmap.org/copyright
Quedlinburg,51.7855428,11.1519933,© OpenStreetMap contributors,Open Database License,https://www.openstreetmap.org/copyright
Raab,47.687609,17.6346815,© OpenStreetMap contributors,Open Database License,https://www.openstreetmap.org/copyright
Rantzau,53.78332935,9.829290758592013,© OpenStreetMap contributors,Open Database License,https://www.openstreetmap.org/copyright
Rappach,50.0655064,9.1442577,© OpenStreetMap contributors,Open Database License,https://www.openstreetmap.org/copyright
Rastatt,48.8574209,8.2088088,© OpenStreetMap contributors,Open Database License,https://www.openstreetmap.org/copyright
Ratzeburg,53.7011061,10.774288,© OpenStreetMap contributors,Open Database License,https://www.openstreetmap.org/copyright
Ravenna,44.4161414,12.2017617,© OpenStreetMap contributors,Open Database License,https://www.openstreetmap.org/copyright
Regensburg,49.0195333,12.0974869,© OpenStreetMap contributors,Open Database License,https://www.openstreetmap.org/copyright
Rehburg,52.472159,9.226474,© OpenStreetMap contributors,Open Database License,https://www.openstreetmap.org/copyright
Riga,56.9493977,24.1051846,© OpenStreetMap contributors,Open Database License,https://www.openstreetmap.org/copyright
Rijswijk,52.0446265,4.3188215,© OpenStreetMap contributors,Open Database License,https://www.openstreetmap.org/copyright
Rom,41.8933203,12.4829321,© OpenStreetMap contributors,Open Database License,https://www.openstreetmap.org/copyright
Rotterdam,51.9244424,4.47775,© OpenStreetMap contributors,Open Database License,https://www.openstreetmap.org/copyright
Saint Cyr,49.4877114,-1.4194777,© OpenStreetMap contributors,Open Database License,https://www.openstreetmap.org/copyright
Saint James,48.5232,-1.32375,© OpenStreetMap contributors,Open Database License,https://www.openstreetmap.org/copyright
Saint-Germain,48.4324928,6.3386744,© OpenStreetMap contributors,Open Database License,https://www.openstreetmap.org/copyright
Salisbury,51.0690613,-1.7954134,© OpenStreetMap contributors,Open Database License,https://www.openstreetmap.org/copyright
Salzburg,50.6667428,8.0474914,© OpenStreetMap contributors,Open Database License,https://www.openstreetmap.org/copyright
Salzdahlum,52.20291715,10.587637332989852,© OpenStreetMap contributors,Open Database License,https://www.openstreetmap.org/copyright
Schulenburg,52.4419685,9.6734712,© OpenStreetMap contributors,Open Database License,https://www.openstreetmap.org/copyright
Schwedt,53.0586366,14.2840858,© OpenStreetMap contributors,Open Database License,https://www.openstreetmap.org/copyright
Schönhausen,52.5824785,12.0378139,© OpenStreetMap contributors,Open Database License,https://www.openstreetmap.org/copyright
Seesen,51.8905566,10.1703902,© OpenStreetMap contributors,Open Database License,https://www.openstreetmap.org/copyright
Sesto,46.7027433,12.350544,© OpenStreetMap contributors,Open Database License,https://www.openstreetmap.org/copyright
Shrewsbury,52.707755,-2.7540658,© OpenStreetMap contributors,Open Database License,https://www.openstreetmap.org/copyright
Siebenbürgen,46.5971623,24.3740295,© OpenStreetMap contributors,Open Database License,https://www.openstreetmap.org/copyright
Siena,43.3185536,11.3316533,© OpenStreetMap contributors,Open Database License,https://www.openstreetmap.org/copyright
Singen,47.7617515,8.8348709,© OpenStreetMap contributors,Open Database License,https://www.openstreetmap.org/copyright
Smyrna,38.4237433,27.1428019,© OpenStreetMap contributors,Open Database License,https://www.openstreetmap.org/copyright
Soest,49.6242727,6.4610947,© OpenStreetMap contributors,Open Database License,https://www.openstreetmap.org/copyright
Sorbonne,48.850422,2.340548,© OpenStreetMap contributors,Open Database License,https://www.openstreetmap.org/copyright
Spandau,52.5192672,13.195439,© OpenStreetMap contributors,Open Database License,https://www.openstreetmap.org/copyright
Stade,53.599794,9.475438,© OpenStreetMap contributors,Open Database License,https://www.openstreetmap.org/copyright
Stamford,52.653656,-0.483421,© OpenStreetMap contributors,Open Database License,https://www.openstreetmap.org/copyright
Steevenswert,51.131304,5.846021,,,
Sternberg,53.7118374,11.8288314,© OpenStreetMap contributors,Open Database License,https://www.openstreetmap.org/copyright
Stettin,53.4301818,14.5509623,© OpenStreetMap contributors,Open Database License,https://www.openstreetmap.org/copyright
Stockholm,59.3251172,18.0710935,© OpenStreetMap contributors,Open Database License,https://www.openstreetmap.org/copyright
Sulzbach,50.302682,7.7518932,© OpenStreetMap contributors,Open Database License,https://www.openstreetmap.org/copyright
Tangermünde,52.5431104,11.9722524,© OpenStreetMap contributors,Open Database License,https://www.openstreetmap.org/copyright
Temeswar,45.7538355,21.2257474,© OpenStreetMap contributors,Open Database License,https://www.openstreetmap.org/copyright
Teplitz,50.6406644,13.8244461,© OpenStreetMap contributors,Open Database License,https://www.openstreetmap.org/copyright
Tettau,51.4314023,13.7305944,© OpenStreetMap contributors,Open Database License,https://www.openstreetmap.org/copyright
Thorn,53.0102721,18.6048094,© OpenStreetMap contributors,Open Database License,https://www.openstreetmap.org/copyright
Tokaj,48.1235534,21.4113895,© OpenStreetMap contributors,Open Database License,https://www.openstreetmap.org/copyright
Torgau,51.5581272,13.0046538,© OpenStreetMap contributors,Open Database License,https://www.openstreetmap.org/copyright
Trier,49.7596208,6.6441878,© OpenStreetMap contributors,Open Database License,https://www.openstreetmap.org/copyright
Tönning,54.3188928,8.9437049,© OpenStreetMap contributors,Open Database License,https://www.openstreetmap.org/copyright
Ulm,48.3984968,9.9912458,© OpenStreetMap contributors,Open Database License,https://www.openstreetmap.org/copyright
Ursel,51.6545671,6.4104753,© OpenStreetMap contributors,Open Database License,https://www.openstreetmap.org/copyright
Utrecht,52.0907006,5.1215634,© OpenStreetMap contributors,Open Database License,https://www.openstreetmap.org/copyright
Venedig,45.4371908,12.3345898,© OpenStreetMap contributors,Open Database License,https://www.openstreetmap.org/copyright
Venlo,51.3702109,6.1688954,© OpenStreetMap contributors,Open Database License,https://www.openstreetmap.org/copyright
Vigo,42.2376602,-8.7247205,© OpenStreetMap contributors,Open Database License,https://www.openstreetmap.org/copyright
Wangenheim,51.0194279,10.6251214,© OpenStreetMap contributors,Open Database License,https://www.openstreetmap.org/copyright
Warschau,52.2319581,21.0067249,© OpenStreetMap contributors,Open Database License,https://www.openstreetmap.org/copyright
Wartenberg,52.6380786,11.5103221,© OpenStreetMap contributors,Open Database License,https://www.openstreetmap.org/copyright
Wesel,51.6576909,6.617087,© OpenStreetMap contributors,Open Database License,https://www.openstreetmap.org/copyright
Weyhausen,52.4627787,10.7193022,© OpenStreetMap contributors,Open Database License,https://www.openstreetmap.org/copyright
Wien,48.2083537,16.3725042,© OpenStreetMap contributors,Open Database License,https://www.openstreetmap.org/copyright
Wildeshausen,52.897103,8.4364342,© OpenStreetMap contributors,Open Database License,https://www.openstreetmap.org/copyright
Wismar,53.8909832,11.4647932,© OpenStreetMap contributors,Open Database License,https://www.openstreetmap.org/copyright
Wittenberg,51.8666527,12.646761,© OpenStreetMap contributors,Open Database License,https://www.openstreetmap.org/copyright
Wolfenbüttel,52.1625283,10.5348215,© OpenStreetMap contributors,Open Database License,https://www.openstreetmap.org/copyright
York,53.9590555,-1.0815361,© OpenStreetMap contributors,Open Database License,https://www.openstreetmap.org/copyright
Zell,50.7305045,9.1955275,© OpenStreetMap contributors,Open Database License,https://www.openstreetmap.org/copyright
Zellerfeld,51.816005,10.3370282,© OpenStreetMap contributors,Open Database License,https://www.openstreetmap.org/copyright
Zerbst,51.96973975,12.07454635351719,© OpenStreetMap contributors,Open Database License,https://www.openstreetmap.org/copyright
Ziesar,52.2308147,12.380330907840996,© OpenStreetMap contributors,Open Database License,https://www.openstreetmap.org/copyright
Zweibrücken,49.248655,7.3641981,© OpenStreetMap contributors,Open Database License,https://www.openstreetmap.org/copyright
Alpen,46.753019,9.773316,© OpenStreetMap contributors,Open Database License,https://www.openstreetmap.org/copyright
Gibel,46.768643,8.189769,© OpenStreetMap contributors,Open Database License,https://www.openstreetmap.org/copyright
Harz,51.7249376,10.69489239078069,© OpenStreetMap contributors,Open Database License,https://www.openstreetmap.org/copyright
Kap der Guten Hoffnung,-34.35811,18.47193,© OpenStreetMap contributors,Open Database License,https://www.openstreetmap.org/copyright
Vesuv,40.8213963,14.4261967,© OpenStreetMap contributors,Open Database License,https://www.openstreetmap.org/copyright
Ätna,37.7510251,14.9940321,© OpenStreetMap contributors,Open Database License,https://www.openstreetmap.org/copyright
Chaldäa,32.520346,45.064036,,,
Het Loo,52.3694576,6.5754279,© OpenStreetMap contributors,Open Database License,https://www.openstreetmap.org/copyright
Ilok,45.2215817,19.3754013,© OpenStreetMap contributors,Open Database License,https://www.openstreetmap.org/copyright
La Trappe,48.6375,0.573333,© OpenStreetMap contributors,Open Database License,https://www.openstreetmap.org/copyright
Lichtenburg,51.662222,12.931944,© OpenStreetMap contributors,Open Database License,https://www.openstreetmap.org/copyright
Lustenburg,52.521111,13.295833,© OpenStreetMap contributors,Open Database License,https://www.openstreetmap.org/copyright
Nöteburg,59.9221789,31.08367130537382,© OpenStreetMap contributors,Open Database License,https://www.openstreetmap.org/copyright
Oranien,43.968637,4.889888,© OpenStreetMap contributors,Open Database License,https://www.openstreetmap.org/copyright
Salm,50.152507,6.6903569,© OpenStreetMap contributors,Open Database License,https://www.openstreetmap.org/copyright
Wardein,48.2257593,22.0784247,© OpenStreetMap contributors,Open Database License,https://www.openstreetmap.org/copyright
Anhalt,51.81717865,11.814186642054064,© OpenStreetMap contributors,Open Database License,https://www.openstreetmap.org/copyright
Anjou,47.473275,-0.594874,,,
Auvergne,45.699945,3.299964,© OpenStreetMap contributors,Open Database License,https://www.openstreetmap.org/copyright
Baden,48.551801,8.423231,Who's On First,CC0,https://www.whosonfirst.org/docs/licenses/
Bayern,48.9467562,11.4038717,© OpenStreetMap contributors,Open Database License,https://www.openstreetmap.org/copyright
Bretagne,48.2640845,-2.9202408,© OpenStreetMap contributors,Open Database License,https://www.openstreetmap.org/copyright
Burgund,47.052609,4.383719,,,
Böhmen,50.077653,14.43208,,,
Champagne,48.965329,4.366658,Who's On First,CC0,https://www.whosonfirst.org/docs/licenses/
Dalmatien,43.564955,16.494169,,,
Euböa,38.519828,23.852789,,,
Friesland,53.015074,5.684645,© OpenStreetMap contributors,Open Database License,https://www.openstreetmap.org/copyright
Hessen,50.6080651,9.0284647,© OpenStreetMap contributors,Open Database License,https://www.openstreetmap.org/copyright
Hessen-Kassel,51.2934378,9.506804977727738,© OpenStreetMap contributors,Open Database License,https://www.openstreetmap.org/copyright
Holland,52.367472,4.782052,Who's On First,CC0,https://www.whosonfirst.org/docs/licenses/
Holstein,54.081695,9.794596,Who's On First,CC0,https://www.whosonfirst.org/docs/licenses/
Kurland,56.879897,22.908946,,,
Kurpfalz,49.445913,8.539779,,,
Levante,33.92065,35.971788,,,
Livland,57.126467,25.03132,,,
Lombardei,45.5703694,9.7732524,© OpenStreetMap contributors,Open Database License,https://www.openstreetmap.org/copyright
Lothringen,48.528061,6.513075,,,
Maine,48.016481,-0.007138,© OpenStreetMap contributors,Open Database License,https://www.openstreetmap.org/copyright
Moray,57.416667,-3.25,© OpenStreetMap contributors,Open Database License,https://www.openstreetmap.org/copyright
Morea,37.357286,22.353978,Who's On First,CC0,https://www.whosonfirst.org/docs/licenses/
Niedersachsen,52.8398531,9.075962,© OpenStreetMap contributors,Open Database License,https://www.openstreetmap.org/copyright
Niederösterreich,48.2817813,15.7632457,© OpenStreetMap contributors,Open Database License,https://www.openstreetmap.org/copyright
Ostfriesland,53.426203,7.641571,,,
Persien,31.89677,53.204575,,,
Pfalz,50.099567,7.268906,Who's On First,CC0,https://www.whosonfirst.org/docs/licenses/
Pfalz-Neuburg,48.666349,11.235705,Who's On First,CC0,https://www.whosonfirst.org/docs/licenses/
Piemont,45.060735,7.923549,© OpenStreetMap contributors,Open Database License,https://www.openstreetmap.org/copyright
Pommern,53.811632,15.51993,© OpenStreetMap contributors,Open Database License,https://www.openstreetmap.org/copyright
Sachsen,50.9295798,13.4585052,© OpenStreetMap contributors,Open Database License,https://www.openstreetmap.org/copyright
Sachsen-Gotha,50.943449,10.700826,Who's On First,CC0,https://www.whosonfirst.org/docs/licenses/
Sachsen-Lauenburg,51.042135,13.372536,Who's On First,CC0,https://www.whosonfirst.org/docs/licenses/
Sachsen-Merseburg,51.351206,11.985029,Who's On First,CC0,https://www.whosonfirst.org/docs/licenses/
Salm,51.85066,6.819067,,,
Savoyen,45.674003,6.318783,,,
Schlesien,51.100086,17.018497,© OpenStreetMap contributors,Open Database License,https://www.openstreetmap.org/copyright
Seeland,51.4162975,3.7028061,© OpenStreetMap contributors,Open Database License,https://www.openstreetmap.org/copyright
Sizilien,37.587794,14.155048,© OpenStreetMap contributors,Open Database License,https://www.openstreetmap.org/copyright
Steiermark,47.2500001,15.1666665,© OpenStreetMap contributors,Open Database License,https://www.openstreetmap.org/copyright
Stormarn,53.7215127,10.3586145,© OpenStreetMap contributors,Open Database License,https://www.openstreetmap.org/copyright
Straßburg,48.575641,7.751479,a,a,a
Thüringen,50.9014721,11.0377839,© OpenStreetMap contributors,Open Database License,https://www.openstreetmap.org/copyright
Tirol,47.223193,11.5261028,© OpenStreetMap contributors,Open Database License,https://www.openstreetmap.org/copyright
Toskana,43.4586541,11.1389204,© OpenStreetMap contributors,Open Database License,https://www.openstreetmap.org/copyright
Transsilvanien,46.222256,25.208633,,,
Turku,60.447147,22.255734,,,
Vaudémont,48.421555,6.057865,,,
Venetien,45.6476663,11.8665254,© OpenStreetMap contributors,Open Database License,https://www.openstreetmap.org/copyright
Walachei,44.576358,25.070282,,,
Wales,52.2928116,-3.73893,© OpenStreetMap contributors,Open Database License,https://www.openstreetmap.org/copyright
Württemberg,48.605915,9.147881,Who's On First,CC0,https://www.whosonfirst.org/docs/licenses/
